パワーアップ画面が登場,メインメニューから,選べるようになりました！,戦闘に出陣できるようになります。,＠,
キャラクター編成が登場しました！,編成画面でキャラを選択することで,戦闘に出陣できるようになります。,＠,
お宝が解放！！,各地に眠るお宝を集めて,強力な特殊効果を発動させるのだ！,＠,,,
敵キャラ図鑑が解放されました！,今までの出現した敵キャラの,プロフィールを見ることができます。,＠,,,
「アイテムショップ」が解放されました！,ステージクリアに役立つ,さまざまなアイテムを,購入することができます。,,,
ネコカン購入画面が登場,メインメニューから,選べるようになりました！,＠,
戦闘中に神のチカラを発動させることが,できるようになりました！,困ったときは助けてもらおう！,＠,,
友達招待が登場しました！,さっそくタイトルに戻って友達を招待しよう！,キャラクターがゲットできるぞ！,＠,,
